exp,crit,fitM,postM,postSEM,exdP
exp1,aic,VS,0.260598029224976,0.037016716870874,0.0108
exp1,aic,meta-VS,0.739401970775024,0.037016716870874,0.9892
