exp,crit,fitM,postM,postSEM,exdP
exp2,aic,VS,0.405894113927188,0.033566060908257,0.0997
exp2,aic,meta-VS,0.594105886072812,0.033566060908257,0.9003
